amfi_code,Tracking_Error
102886,0.22560814215136638
100016,0.19928360293890288
119095,0.2857813336985091
101207,0.2921174251929163
119092,0.18908165842556626
